{
  "Offers": [
    {
      "Rewards": [
        {
          "ItemType": 16,
          "Amount": 50,
          "BrawlerID": [0, 0],
          "Extra": 0
        }
      ],
      "Currency": 0,
      "Cost": 0,
      "Time": 172800,
      "Claim": false,
      "DailyOffer": false,
      "OldPrice": 1,
      "Text": "PQ GIFT",
      "Background": "offer_rarity_legendary",
      "Processed": false,
      "TypeBenefit": 1,
      "Benefit": 100,
      "OneTimeOffer": false,
      "BigOffer": false,
      "ShopPanelLayouts": 0,
      "ShopStyleSets": 0,
      "OfferID": 0,
      "OfferID": 789
    },

    {
      "Rewards": [
        {
          "ItemType": 1,
          "Amount": 2500,
          "BrawlerID": [29, 606],
          "Extra": 0
        }
      ],
      "Currency": 0,
      "Cost": 49,
      "Time": 172800,
      "Claim": false,
      "DailyOffer": false,
      "OldPrice": 250,
      "Text": "PQ",
      "Background": "offer_bgr_carnaval",
      "Processed": false,
      "TypeBenefit": 1,
      "Benefit": 5,
      "OneTimeOffer": false,
      "BigOffer": false,
      "ShopPanelLayouts": 0,
      "ShopStyleSets": 0,
      "OfferID": 0,
      "OfferID": 1414
    },
    {
      "Rewards": [
        {
          "ItemType": 1,
          "Amount": 200,
          "BrawlerID": [29, 606],
          "Extra": 0
        }
      ],
      "Currency": 0,
      "Cost": 0,
      "Time": 172800,
      "Claim": false,
      "DailyOffer": false,
      "OldPrice": 250,
      "Text": "TID_BRAWL_PASS_FREE",
      "Background": "offer_bgr_carnaval",
      "Processed": false,
      "TypeBenefit": 0,
      "Benefit": 0,
      "OneTimeOffer": false,
      "BigOffer": false,
      "ShopPanelLayouts": 0,
      "ShopStyleSets": 0,
      "OfferID": 0,
      "OfferID": 1415
    },
    {
      "Rewards": [
        {
          "ItemType": 1,
          "Amount": 1488,
          "BrawlerID": [52, 0],
          "Extra": 0
        }
      ],
      "Currency": 7,
      "Cost": 19,
      "Time": 172800,
      "Claim": false,
      "DailyOffer": false,
      "OldPrice": 179,
      "Text": "PQ GIFT",
      "Background": "offer_bgr_stv",
      "Processed": false,
      "TypeBenefit": 1,
      "Benefit": 5,
      "OneTimeOffer": false,
      "BigOffer": true,
      "ShopPanelLayouts": 0,
      "ShopStyleSets": 0,
      "OfferID": 0,
      "OfferID": 17652
    }
  ]
}