"Name","Disabled","DisabledCN","LegacyExpLevelLimit","RequiredTotalTrophies","RequiredHero","IconSWF","IconExportName","SortOrder","IsReward","IsAvailableForOffers","LockedForChronos","PriceBling","PriceGems","DisableCatalogRelease","HideInCatalogWhenNotOwned","CatalogNewDaysAdjustment","CatalogPreRequirementSkin","GiveOnSkinUnlock","NotInCatalogTID","ExtraCatalogCampaign","ExtraCatalogHero","HideFromCatalogMainCategory"
"string","boolean","boolean","int","int","string","string","string","int","boolean","boolean","boolean","int","int","boolean","boolean","int","string","boolean","string","string","string","boolean"
"base1","","","1","0","","sc/ui.sc","player_icon_00","0","","","","","","","","","","","","","",""
"base2","","","10","100","","sc/ui.sc","player_icon_01","1","","","","","","","","","","","","","",""
"base3","","","20","1000","","sc/ui.sc","player_icon_02","2","","","","","","","","","","","","","",""
"hero1","","","0","0","ShotgunGirl","sc/ui.sc","player_icon_shelly","101","","","","","","","","","","","","","",""
"hero2","","","0","0","Gunslinger","sc/ui.sc","player_icon_colt","103","","","","","","","","","","","","","",""
"hero3","","","0","0","RocketGirl","sc/ui.sc","player_icon_brock","106","","","","","","","","","","","","","",""
"hero4","","","0","0","Mechanic","sc/ui.sc","player_icon_jess","105","","","","","","","","","","","","","",""
"hero5","","","0","0","Shaman","sc/ui.sc","player_icon_nita","102","","","","","","","","","","","","","",""
"hero6","","","0","0","TntDude","sc/ui.sc","player_icon_mike","107","","","","","","","","","","","","","",""
"hero7","","","0","0","Luchador","sc/ui.sc","player_icon_primo","201","","","","","","","","","","","","","",""
"hero8","","","0","0","BullDude","sc/ui.sc","player_icon_bull","104","","","","","","","","","","","","","",""
"hero9","","","0","0","TrickshotDude","sc/ui.sc","player_icon_rick","301","","","","","","","","","","","","","",""
"hero10","","","0","0","Barkeep","sc/ui.sc","player_icon_barley","202","","","","","","","","","","","","","",""
"hero11","","","0","0","DeadMariachi","sc/ui.sc","player_icon_poco","203","","","","","","","","","","","","","",""
"hero12","","","0","0","Undertaker","sc/ui.sc","player_icon_mortis","501","","","","","","","","","","","","","",""
"hero13","","","0","0","BowDude","sc/ui.sc","player_icon_bo","108","","","","","","","","","","","","","",""
"hero14","","","0","0","Cactus","sc/ui.sc","player_icon_spike","601","","","","","","","","","","","","","",""
"hero15","","","0","0","Crow","sc/ui.sc","player_icon_crow","602","","","","","","","","","","","","","",""
"hero16","","","0","0","Sniper","sc/ui.sc","player_icon_piper","401","","","","","","","","","","","","","",""
"base4","","","40","2500","","sc/ui.sc","player_icon_03","3","","","","","","","","","","","","","",""
"base5","","","60","4000","","sc/ui.sc","player_icon_04","4","","","","","","","","","","","","","",""
"base6","","","80","6000","","sc/ui.sc","player_icon_05","5","","","","","","","","","","","","","",""
"base7","","","100","7500","","sc/ui.sc","player_icon_06","6","","","","","","","","","","","","","",""
"base8","","","120","9000","","sc/ui.sc","player_icon_07","7","","","","","","","","","","","","","",""
"trophy1","","","0","500","","sc/ui.sc","player_icon_trophy_00","8","","","","","","","","","","","","","",""
"trophy2","","","0","1000","","sc/ui.sc","player_icon_trophy_01","9","","","","","","","","","","","","","",""
"trophy3","","","0","2000","","sc/ui.sc","player_icon_trophy_02","10","","","","","","","","","","","","","",""
"trophy4","","","0","3000","","sc/ui.sc","player_icon_trophy_03","11","","","","","","","","","","","","","",""
"hero17","","","0","0","MinigunDude","sc/ui.sc","player_icon_mj","402","","","","","","","","","","","","","",""
"hero18","","","0","0","BlackHole","sc/ui.sc","player_icon_taro","502","","","","","","","","","","","","","",""
"trophy5","","","0","5000","","sc/ui.sc","player_icon_elite_00","12","","","","","","","","","","","","","",""
"trophy6","","","0","7000","","sc/ui.sc","player_icon_elite_01","13","","","","","","","","","","","","","",""
"trophy7","","","0","10000","","sc/ui.sc","player_icon_elite_02","14","","","","","","","","","","","","","",""
"trophy8","","","0","13000","","sc/ui.sc","player_icon_elite_03","15","","","","","","","","","","","","","",""
"hero19","","","0","0","BarrelBot","sc/ui.sc","player_icon_barrelbot","302","","","","","","","","","","","","","",""
"hero20","","","0","0","ArtilleryDude","sc/ui.sc","player_icon_penny","303","","","","","","","","","","","","","",""
"hero21","","","0","0","HammerDude","sc/ui.sc","player_icon_frank","403","","","","","","","","","","","","","",""
"hero22","","","0","0","Ninja","sc/ui.sc","player_icon_leon","603","","","","","","","","","","","","","",""
"hero23","","","0","0","HookDude","sc/ui.sc","player_icon_gene","503","","","","","","","","","","","","","",""
"hero24","","","0","0","Whirlwind","sc/ui.sc","player_icon_carl","304","","","","","","","","","","","","","",""
"hero25","","","0","0","Rosa","sc/ui.sc","player_icon_rosa","204","","","","","","","","","","","","","",""
"hero26","","","0","0","Baseball","sc/ui.sc","player_icon_bibi","404","","","","","","","","","","","","","",""
"hero27","","","0","0","ClusterBombDude","sc/ui.sc","player_icon_tick","109","","","","","","","","","","","","","",""
"hero28","","","0","0","Arcade","sc/ui.sc","player_icon_8bit","110","","","","","","","","","","","","","",""
"hero29","","","0","0","Sandstorm","sc/ui.sc","player_icon_sandy","604","","","","","","","","","","","","","",""
"hero30","","","0","0","Mummy","sc/ui.sc","player_icon_emz","111","","","","","","","","","","","","","",""
"hero31","","","0","0","BeeSniper","sc/ui.sc","player_icon_bea","405","","","","","","","","","","","","","",""
"hero32","","","0","0","Speedy","sc/ui.sc","player_icon_max","504","","","","","","","","","","","","","",""
"hero33","","","0","0","SpawnerDude","sc/ui.sc","player_icon_mrp","505","","","","","","","","","","","","","",""
"hero34","","","0","0","Driller","sc/ui.sc","player_icon_jacky","305","","","","","","","","","","","","","",""
"hero35","","","0","0","Wally","sc/ui.sc","player_icon_sprout","506","","","","","","","","","","","","","",""
"hero36","","","0","0","Blower","sc/ui.sc","player_icon_gale","701","","","","","","","","","","","","","",""
"hero37","","","0","0","Controller","sc/ui.sc","player_icon_nani","406","","","","","","","","","","","","","",""
"hero38","","","0","0","PowerLeveler","sc/ui.sc","player_icon_surge","702","","","","","","","","","","","","","",""
"hero39","","","0","0","Percenter","sc/ui.sc","player_icon_colette","703","","","","","","","","","","","","","",""
"hero40","","","0","0","FireDude","sc/ui.sc","player_icon_amber","605","","","","","","","","","","","","","",""
"hero41","","","0","0","IceDude","sc/ui.sc","player_icon_lou","704","","","","","","","","","","","","","",""
"hero42","","","0","0","SnakeOil","sc/ui.sc","player_icon_byron","507","","","","","","","","","","","","","",""
"hero43","","","0","0","Enrager","sc/ui.sc","player_icon_edgar","407","","","","","","","","","","","","","",""
"hero44","","","0","0","Ruffs","sc/ui.sc","player_icon_ruffs","705","","","","","","","","","","","","","",""
"rank01","","","0","0","","sc/ui.sc","player_icon_starrforce_01","1000","true","","","","","","","","","","","","",""
"rank02","","","0","0","","sc/ui.sc","player_icon_starrforce_02","1001","true","","","","","","","","","","","","",""
"hero45","","","0","0","Roller","sc/ui.sc","player_icon_stu","112","","","","","","","","","","","","","",""
"rank03","","","0","0","","sc/ui.sc","player_icon_actionshow_01","1002","true","","","","","","","","","","","","",""
"rank04","","","0","0","","sc/ui.sc","player_icon_actionshow_02","1003","true","","","","","","","","","","","","",""
"hero46","","","0","0","ElectroSniper","sc/ui.sc","player_icon_belle","706","","","","","","","","","","","","","",""
"hero47","","","0","0","StickyBomb","sc/ui.sc","player_icon_squeak","508","","","","","","","","","","","","","",""
"hero48","","","0","0","RopeDude","sc/ui.sc","player_icon_buzz","707","","","","","","","","","","","","","",""
"hero49","","","0","0","AssaultShotgun","sc/ui.sc","player_icon_griff","408","","","","","","","","","","","","","",""
"rank05","","","0","0","","sc/ui.sc","player_icon_velocirapids_01","1004","true","","","","","","","","","","","","",""
"rank06","","","0","0","","sc/ui.sc","player_icon_velocirapids_02","1005","true","","","","","","","","","","","","",""
"hero50","","","0","0","Knight","sc/ui.sc","player_icon_ash","708","","","","","","","","","","","","","",""
"rank07","","","0","0","","sc/ui.sc","player_icon_ft_01","1006","true","","","","","","","","","","","","",""
"rank08","","","0","0","","sc/ui.sc","player_icon_ft_02","1007","true","","","","","","","","","","","","",""
"hero51","","","0","0","MechaDude","sc/ui.sc","player_icon_meg","606","","","","","","","","","","","","","",""
"hero52","","","0","0","Duplicator","sc/ui.sc","player_icon_lolla","709","","","","","","","","","","","","","",""
"rank09","","","0","0","","sc/ui.sc","player_icon_bw_01","1008","true","","","","","","","","","","","","",""
"rank10","","","0","0","","sc/ui.sc","player_icon_bw_02","1009","true","","","","","","","","","","","","",""
"rank11","","","0","0","","sc/ui.sc","player_icon_lny2022_01","1010","true","","","","","","","","","","","","",""
"rank12","","","0","0","","sc/ui.sc","player_icon_lny2022_02","1011","true","","","","","","","","","","","","",""
"hero53","","","0","0","CrossBomber","sc/ui.sc","player_icon_grom","409","","","","","","","","","","","","","",""
"hero54","","","0","0","KickerDude","sc/ui.sc","player_icon_fang","710","","","","","","","","","","","","","",""
"hero55","","","0","0","Flea","sc/ui.sc","player_icon_eve","711","","","","","","","","","","","","","",""
"rank13","","","0","0","","sc/ui.sc","player_icon_biodome_01","1012","true","","","","","","","","","","","","",""
"rank14","","","0","0","","sc/ui.sc","player_icon_biodome_02","1013","true","","","","","","","","","","","","",""
"hero56","","","0","0","JetpackGirl","sc/ui.sc","player_icon_janet","712","","","","","","","","","","","","","",""
"hero57","","","0","0","CannonGirl","sc/ui.sc","player_icon_bonnie","410","","","","","","","","","","","","","",""
"rank15","","","0","0","","sc/ui.sc","player_icon_stuntshow_01","1014","true","","","","","","","","","","","","",""
"rank16","","","0","0","","sc/ui.sc","player_icon_stuntshow_02","1015","true","","","","","","","","","","","","",""
"player_icon_tick1","","","0","0","","sc/ui.sc","player_icon_tick1","2001","true","","","","","","","","","","","","",""
"player_icon_stu1","","","0","0","","sc/ui.sc","player_icon_stu1","2002","true","","","","","","","","","","","","",""
"player_icon_shelly1","","","0","0","","sc/ui.sc","player_icon_shelly1","2003","true","","","","","","","","","","","","",""
"player_icon_nita1","","","0","0","","sc/ui.sc","player_icon_nita1","2004","true","","","","","","","","","","","","",""
"player_icon_jessie1","","","0","0","","sc/ui.sc","player_icon_jessie1","2005","true","","","","","","","","","","","","",""
"player_icon_emz1","","","0","0","","sc/ui.sc","player_icon_emz1","2006","true","","","","","","","","","","","","",""
"player_icon_dynamike1","","","0","0","","sc/ui.sc","player_icon_dynamike1","2007","true","","","","","","","","","","","","",""
"player_icon_colt1","","","0","0","","sc/ui.sc","player_icon_colt1","2008","true","","","","","","","","","","","","",""
"player_icon_bull1","","","0","0","","sc/ui.sc","player_icon_bull1","2009","true","","","","","","","","","","","","",""
"player_icon_brock1","","","0","0","","sc/ui.sc","player_icon_brock1","2010","true","","","","","","","","","","","","",""
"player_icon_bo1","","","0","0","","sc/ui.sc","player_icon_bo1","2011","true","","","","","","","","","","","","",""
"player_icon_8bit1","","","0","0","","sc/ui.sc","player_icon_8bit1","2012","true","","","","","","","","","","","","",""
"player_icon_villains","","","0","0","","sc/ui.sc","player_icon_villains","3001","","true","","750","19","","","","","","","","",""
"player_icon_stuntshow","","","0","0","","sc/ui.sc","player_icon_stuntshow","3002","","true","","750","19","","","","","","","","",""
"player_icon_lantern","","","0","0","","sc/ui.sc","player_icon_lantern","3003","","true","","750","19","","","","","","","","",""
"player_icon_goldenweek","","","0","0","","sc/ui.sc","player_icon_goldenweek","3004","","true","","750","19","","","","","","","","",""
"hero58","","","0","0","Silencer","sc/ui.sc","player_icon_otis","713","","","","","","","","","","","","","",""
"rank17","","","0","0","","sc/ui.sc","player_icon_deepsea_01","1016","true","","","","","","","","","","","","",""
"rank18","","","0","0","","sc/ui.sc","player_icon_deepsea_02","1017","true","","","","","","","","","","","","",""
"player_icon_ruffs_bt21","","TRUE","0","0","","sc/ui.sc","player_icon_ruffs_bt21","4001","","true","","","","","","","RuffsChimmy","TRUE","","","",""
"player_icon_bull_bt21","","TRUE","0","0","","sc/ui.sc","player_icon_bull_bt21","4002","","true","","","","","","","BullDudeMang","TRUE","","","",""
"player_icon_bibi_bt21","","TRUE","0","0","","sc/ui.sc","player_icon_bibi_bt21","4003","","true","","","","","","","BaseballRj","TRUE","","","",""
"player_icon_edgar_bt21","","TRUE","0","0","","sc/ui.sc","player_icon_edgar_bt21","4004","","true","","","","","","","EnragerTata","TRUE","","","",""
"player_icon_sandy_bt21","","TRUE","0","0","","sc/ui.sc","player_icon_sandy_bt21","4005","","true","","","","","","","SandstormKoya","TRUE","","","",""
"player_icon_tick_bt21","","TRUE","0","0","","sc/ui.sc","player_icon_tick_bt21","4006","","true","","","","","","","ClusterBombDudeShooky","TRUE","","","",""
"player_icon_jacky_bt21","","TRUE","0","0","","sc/ui.sc","player_icon_jacky_bt21","4007","","true","","","","","","","DrillerCooky","TRUE","","","",""
"player_icon_deepsea","","","0","0","","sc/ui.sc","player_icon_deepsea","3005","","true","","750","19","","","","","","","","",""
"player_icon_primo1","","","0","0","","sc/ui.sc","player_icon_primo1","2013","true","","","","","","","","","","","","",""
"player_icon_barley1","","","0","0","","sc/ui.sc","player_icon_barley1","2014","true","","","","","","","","","","","","",""
"player_icon_rosa1","","","0","0","","sc/ui.sc","player_icon_rosa1","2015","true","","","","","","","","","","","","",""
"player_icon_poco1","","","0","0","","sc/ui.sc","player_icon_poco1","2016","true","","","","","","","","","","","","",""
"player_icon_darryl1","","","0","0","","sc/ui.sc","player_icon_darryl1","2017","true","","","","","","","","","","","","",""
"player_icon_penny1","","","0","0","","sc/ui.sc","player_icon_penny1","2018","true","","","","","","","","","","","","",""
"player_icon_carl1","","","0","0","","sc/ui.sc","player_icon_carl1","2019","true","","","","","","","","","","","","",""
"player_icon_rico1","","","0","0","","sc/ui.sc","player_icon_rico1","2020","true","","","","","","","","","","","","",""
"player_icon_jacky1","","","0","0","","sc/ui.sc","player_icon_jacky1","2020","true","","","","","","","","","","","","",""
"player_icon_badrandoms","","","0","0","","sc/ui.sc","player_icon_badrandoms","3006","","true","","750","19","","","","","","","","",""
"player_icon_pirates","","","0","0","","sc/ui.sc","player_icon_pirates","3007","","true","","750","19","","","","","","","","",""
"rank19","","","0","0","","sc/ui.sc","player_icon_lola_outlaw_01","1018","true","","","","","","","","","","","","",""
"rank20","","","0","0","","sc/ui.sc","player_icon_lola_outlaw_02","1019","true","","","","","","","","","","","","",""
"player_icon_mortis_mecha","","","0","0","","sc/ui.sc","player_icon_mortis_mecha","4008","","true","","","","","","","UndertakerMecha","TRUE","","","",""
"player_icon_outlaw","","","0","0","","sc/ui.sc","player_icon_outlaw","3008","","true","","750","19","","","","","","","","",""
"player_icon_esports_intz","","","0","0","","sc/ui.sc","player_icon_esports_intz","5001","","true","TRUE","750","19","TRUE","","","","","","WF_2020","",""
"player_icon_esports_navi","","","0","0","","sc/ui.sc","player_icon_esports_navi","5002","","true","","","19","","","","","","","WF_2020","",""
"player_icon_esports_obey","","","0","0","","sc/ui.sc","player_icon_esports_obey","5003","","true","TRUE","750","19","TRUE","","","","","","WF_2020","",""
"player_icon_esports_qlash","","","0","0","","sc/ui.sc","player_icon_esports_qlash","5004","","true","","","19","","","","","","","WF_2020","",""
"player_icon_esports_sk","","","0","0","","sc/ui.sc","player_icon_esports_sk","5005","","true","","","19","","","","","","","WF_2020","",""
"player_icon_esports_stmn","","","0","0","","sc/ui.sc","player_icon_esports_stmn","5006","","true","","","19","","","","","","","WF_2020","",""
"player_icon_esports_tq","","","0","0","","sc/ui.sc","player_icon_esports_tq","5007","","true","","","19","","","","","","","WF_2020","",""
"player_icon_esports_tribe","","","0","0","","sc/ui.sc","player_icon_esports_tribe","5008","","true","","","19","","","","","","","WF_2020","",""
"player_icon_esports_zeta","","","0","0","","sc/ui.sc","player_icon_esports_zeta","5009","","true","","","19","","","","","","","WF_2020","",""
"player_icon_esports_totem","","","0","0","","sc/ui.sc","player_icon_esports_totem","5010","","true","","","19","","","","","","","WF_2020","",""
"player_icon_mecha","","","0","0","","sc/ui.sc","player_icon_mecha","3009","","true","","750","19","","","","","","","","",""
"player_icon_robot_colt","","","0","0","","sc/ui.sc","player_icon_robot_colt","3010","","true","","750","19","","","","","","","","",""
"player_icon_robots_1","","","0","0","","sc/ui.sc","player_icon_robots_1","3011","","true","","750","19","","","","","","","","",""
"player_icon_robots_2","","","0","0","","sc/ui.sc","player_icon_robots_2","3012","","true","","750","19","","","","","","","","",""
"player_icon_robots_3","","","0","0","","sc/ui.sc","player_icon_robots_3","3013","","true","","750","19","","","","","","","","",""
"player_icon_robots_4","","","0","0","","sc/ui.sc","player_icon_robots_4","3014","","true","","750","19","","","","","","","","",""
"player_icon_claw","","","0","0","","sc/ui.sc","player_icon_claw","3015","","true","","750","19","","","","","","","","",""
"player_icon_defeat_them_all","","","0","0","","sc/ui.sc","player_icon_defeat_them_all","3016","","true","","750","19","","","","","","","","",""
"hero59","","","0","0","WeaponThrower","sc/ui.sc","player_icon_bronson","714","","","","","","","","","","","","","",""
"hero60","","","0","0","SoulCollector","sc/ui.sc","player_icon_gus","306","","","","","","","","","","","","","",""
"player_icon_leon_ghost","","","0","0","","sc/ui.sc","player_icon_leon_ghost","4009","","true","","750","19","","","","NinjaGhost","","","","",""
"player_icon_squeak_veteran1","","","0","0","","sc/ui.sc","player_icon_squeak_veteran1","4010","","true","","750","19","","","","StickyBombVeteran","","","","",""
"player_icon_squeak_veteran2","","","0","0","","sc/ui.sc","player_icon_squeak_veteran2","4011","","true","","750","19","","","","StickyBombVeteran","","","","",""
"rank21","","","0","0","","sc/ui.sc","player_icon_colette_ghost1","1020","true","","","","","","","","","","","","",""
"rank22","","","0","0","","sc/ui.sc","player_icon_colette_ghost2","1021","true","","","","","","","","","","","","",""
"player_icon_bscwf","","","0","0","","sc/ui.sc","player_icon_bscwf","5000","","true","","750","19","","","","","","","","",""
"player_icon_lastbox","","","0","0","","sc/ui.sc","player_icon_lastbox","3017","","true","TRUE","","","","","","","","","","",""
"player_icon_ghosttrain","","","0","0","","sc/ui.sc","player_icon_ghosttrain","3018","","true","","750","19","","","","","","","","",""
"player_icon_action","","","0","0","","sc/ui.sc","player_icon_action","3019","","true","","750","19","","","","","","","","",""
"hero61","","","0","0","ShieldTank","sc/ui.sc","player_icon_buster","715","","","","","","","","","","","","","",""
"player_icon_brawlball","","","0","0","","sc/ui.sc","player_icon_brawlball","3020","","true","","750","19","","","","","","","","",""
"rank23","","","0","0","","sc/ui.sc","player_icon_ash_pl1","1022","true","","","","","","","","","","","","",""
"rank24","","","0","0","","sc/ui.sc","player_icon_ash_pl2","1023","true","","","","","","","","","","","","",""
"player_icon_holidaybox","","","0","0","","sc/ui.sc","player_icon_holidaybox","3020","","true","TRUE","","","","","","","","","","",""
"player_icon_candyland_skull","","","0","0","","sc/ui.sc","player_icon_candyland_skull","3021","","true","","750","19","","","","","","","","",""
"player_icon_candyland","","","0","0","","sc/ui.sc","player_icon_candyland","3022","","true","TRUE","","","","","","","","","","",""
"player_icon_brawlentines","","","0","0","","sc/ui.sc","player_icon_brawlentines","3023","","true","","750","19","","","","","","","","",""
"player_icon_darkmas","","","0","0","","sc/ui.sc","player_icon_darkmas","3024","","true","","750","19","","","","","","","","",""
"player_icon_lny2023","","","0","0","","sc/ui.sc","player_icon_lny2023","3025","","true","","750","19","","","","","","","","",""
"player_icon_anniversary1","","TRUE","0","0","","sc/ui.sc","player_icon_anniversary1","3026","","true","TRUE","","","","","","","","","","",""
"player_icon_anniversary2","","TRUE","0","0","","sc/ui.sc","player_icon_anniversary2","3027","","true","TRUE","","","","","","","","","","",""
"player_icon_anniversary3","","TRUE","0","0","","sc/ui.sc","player_icon_anniversary3","3028","","true","TRUE","","","","","","","","","","",""
"player_icon_anniversary4","","TRUE","0","0","","sc/ui.sc","player_icon_anniversary4","3029","","true","TRUE","","","","","","","","","","",""
"player_icon_brawlidays1","","","0","0","","sc/ui.sc","player_icon_brawlidays1","3030","","true","","750","19","","","","","","","","",""
"player_icon_brawlidays2","","","0","0","","sc/ui.sc","player_icon_brawlidays2","3031","","true","","750","19","","","","","","","","",""
"player_icon_brawlidays3","","","0","0","","sc/ui.sc","player_icon_brawlidays3","3032","","true","","750","19","","","","","","","","",""
"player_icon_brawlidays4","","","0","0","","sc/ui.sc","player_icon_brawlidays4","3033","","true","","750","19","","","","","","","","",""
"player_icon_brawlidays5","","","0","0","","sc/ui.sc","player_icon_brawlidays5","3034","","true","","750","19","","","","","","","","",""
"player_icon_brawlidays6","","","0","0","","sc/ui.sc","player_icon_brawlidays6","3035","","true","","750","19","","","","","","","","",""
"player_icon_lny1","","","0","0","","sc/ui.sc","player_icon_lny1","3036","","true","","750","19","","","","","","","","",""
"player_icon_lny2","","","0","0","","sc/ui.sc","player_icon_lny2","3037","","true","","750","19","","","","","","","","",""
"player_icon_lny3","","","0","0","","sc/ui.sc","player_icon_lny3","3038","","true","","750","19","","","","","","","","",""
"hero62","","","0","0","DoorMan","sc/ui.sc","player_icon_gray","509","","","","","","","","","","","","","",""
"hero63","","","0","0","Beamer","sc/ui.sc","player_icon_mandy","716","","","","","","","","","","","","","",""
"hero64","","","0","0","Jester","sc/ui.sc","player_icon_chester","607","","","","","","","","","","","","","",""
"player_icon_creators","","","0","0","","sc/ui.sc","player_icon_creators","3039","","true","TRUE","","","","","","","","","","",""
"player_icon_edgar1","","","0","0","","sc/ui.sc","player_icon_edgar1","2021","true","","","","","","","","","","","","",""
"player_icon_bea1","","","0","0","","sc/ui.sc","player_icon_bea1","2022","true","","","","","","","","","","","","",""
"player_icon_bibi1","","","0","0","","sc/ui.sc","player_icon_bibi1","2023","true","","","","","","","","","","","","",""
"player_icon_bonnie1","","","0","0","","sc/ui.sc","player_icon_bonnie1","2024","true","","","","","","","","","","","","",""
"player_icon_frank1","","","0","0","","sc/ui.sc","player_icon_frank1","2025","true","","","","","","","","","","","","",""
"player_icon_griff1","","","0","0","","sc/ui.sc","player_icon_griff1","2026","true","","","","","","","","","","","","",""
"player_icon_grom1","","","0","0","","sc/ui.sc","player_icon_grom1","2027","true","","","","","","","","","","","","",""
"player_icon_nani1","","","0","0","","sc/ui.sc","player_icon_nani1","2028","true","","","","","","","","","","","","",""
"player_icon_pam1","","","0","0","","sc/ui.sc","player_icon_pam1","2029","true","","","","","","","","","","","","",""
"player_icon_piper1","","","0","0","","sc/ui.sc","player_icon_piper1","2030","true","","","","","","","","","","","","",""
"player_icon_byron1","","","0","0","","sc/ui.sc","player_icon_byron1","2031","true","","","","","","","","","","","","",""
"player_icon_gene1","","","0","0","","sc/ui.sc","player_icon_gene1","2032","true","","","","","","","","","","","","",""
"player_icon_mrp1","","","0","0","","sc/ui.sc","player_icon_mrp1","2033","true","","","","","","","","","","","","",""
"player_icon_tara1","","","0","0","","sc/ui.sc","player_icon_tara1","2034","true","","","","","","","","","","","","",""
"player_icon_squeak1","","","0","0","","sc/ui.sc","player_icon_squeak1","2035","true","","","","","","","","","","","","",""
"player_icon_max1","","","0","0","","sc/ui.sc","player_icon_max1","2036","true","","","","","","","","","","","","",""
"player_icon_leon1","","","0","0","","sc/ui.sc","player_icon_leon1","2037","true","","","","","","","","","","","","",""
"player_icon_meg1","","","0","0","","sc/ui.sc","player_icon_meg1","2039","true","","","","","","","","","","","","",""
"player_icon_crow1","","","0","0","","sc/ui.sc","player_icon_crow1","2040","true","","","","","","","","","","","","",""
"player_icon_spike1","","","0","0","","sc/ui.sc","player_icon_spike1","2041","true","","","","","","","","","","","","",""
"player_icon_mortis1","","","0","0","","sc/ui.sc","player_icon_mortis1","2042","true","","","","","","","","","","","","",""
"player_icon_amber1","","","0","0","","sc/ui.sc","player_icon_amber1","2043","true","","","","","","","","","","","","",""
"player_icon_gale1","","","0","0","","sc/ui.sc","player_icon_gale1","2044","true","","","","","","","","","","","","",""
"player_icon_colette1","","","0","0","","sc/ui.sc","player_icon_colette1","2046","true","","","","","","","","","","","","",""
"player_icon_surge1","","","0","0","","sc/ui.sc","player_icon_surge1","2047","true","","","","","","","","","","","","",""
"player_icon_sandy1","","","0","0","","sc/ui.sc","player_icon_sandy1","2045","true","","","","","","","","","","","","",""
"player_icon_sprout1","","","0","0","","sc/ui.sc","player_icon_sprout1","2038","true","","","","","","","","","","","","",""
"player_icon_ruffs1","","","0","0","","sc/ui.sc","player_icon_ruffs1","2048","true","","","","","","","","","","","","",""
"player_icon_belle1","","","0","0","","sc/ui.sc","player_icon_belle1","2049","true","","","","","","","","","","","","",""
"player_icon_otis1","","","0","0","","sc/ui.sc","player_icon_otis1","2050","true","","","","","","","","","","","","",""
"player_icon_janet1","","","0","0","","sc/ui.sc","player_icon_janet1","2051","true","","","","","","","","","","","","",""
"player_icon_carpet_carl","","","0","0","","sc/ui.sc","player_icon_carpet_carl","3040","","true","","","","","","","WhirlwindRamadan","TRUE","","","",""
"player_icon_popstar_janet","","","0","0","","sc/ui.sc","player_icon_popstar_janet","3041","","true","","750","19","","","","JetpackGirlPopstar","","","","",""
"player_icon_easter_nani","","","0","0","","sc/ui.sc","player_icon_easter_nani","3042","","true","","750","19","","","","ControllerEaster","","","","",""
"rank25","","","0","0","","sc/ui.sc","player_icon_piper_pl1","1024","true","","","","","","","","","","","","",""
"rank26","","","0","0","","sc/ui.sc","player_icon_piper_pl2","1025","true","","","","","","","","","","","","",""
"player_icon_mask_dynamike","","","0","0","","sc/ui.sc","player_icon_mask_dynamike","3043","","true","","","","","","","TntDudeTengu","TRUE","","","",""
"player_icon_mask_lola","","","0","0","","sc/ui.sc","player_icon_mask_lola","3044","","true","","","","","","","DuplicatorKitsune","TRUE","","","",""
"player_icon_mask_otis","","","0","0","","sc/ui.sc","player_icon_mask_otis","3045","","true","","","","","","","SilencerOni","TRUE","","","",""
"player_icon_masks","","","0","0","","sc/ui.sc","player_icon_masks","3046","","true","","750","19","","","","","","","","",""
"player_icon_biodome","","","0","0","","sc/ui.sc","player_icon_biodome","3047","","true","","750","19","","","","","","","","",""
"player_icon_womenday","","","0","0","","sc/ui.sc","player_icon_womenday","3048","","true","","750","19","","","","","","","","",""
"player_icon_starr","","","0","0","","sc/ui.sc","player_icon_starr","3049","","true","","750","19","","","","","","","","",""
"player_icon_gray1","","","0","0","","sc/ui.sc","player_icon_gray1","2038","true","","","","","","","","","","","","",""
"player_icon_buzz1","","","0","0","","sc/ui.sc","player_icon_buzz1","2052","true","","","","","","","","","","","","",""
"player_icon_ash1","","","0","0","","sc/ui.sc","player_icon_ash1","2053","true","","","","","","","","","","","","",""
"player_icon_fang1","","","0","0","","sc/ui.sc","player_icon_fang1","2054","true","","","","","","","","","","","","",""
"player_icon_gus1","","","0","0","","sc/ui.sc","player_icon_gus1","2055","true","","","","","","","","","","","","",""
"player_icon_willow1","","","0","0","","sc/ui.sc","player_icon_willow1","2056","true","","","","","","","","","","","","",""
"player_icon_rt1","","","0","0","","sc/ui.sc","player_icon_rt1","2057","true","","","","","","","","","","","","",""
"player_icon_chester1","","","0","0","","sc/ui.sc","player_icon_chester1","2058","true","","","","","","","","","","","","",""
"player_icon_eve1","","","0","0","","sc/ui.sc","player_icon_eve1","2059","true","","","","","","","","","","","","",""
"player_icon_lola1","","","0","0","","sc/ui.sc","player_icon_lola1","2060","true","","","","","","","","","","","","",""
"player_icon_sam1","","","0","0","","sc/ui.sc","player_icon_sam1","2061","true","","","","","","","","","","","","",""
"player_icon_lou1","","","0","0","","sc/ui.sc","player_icon_lou1","2062","true","","","","","","","","","","","","",""
"player_icon_easter2023","","","0","0","","sc/ui.sc","player_icon_easter2023","3050","","true","","750","19","","","","","","","","",""
"player_icon_buster1","","","0","0","","sc/ui.sc","player_icon_buster1","2063","true","","","","","","","","","","","","",""
"player_icon_mandy1","","","0","0","","sc/ui.sc","player_icon_mandy1","2064","true","","","","","","","","","","","","",""
"hero65","","","0","0","Splitter","sc/ui.sc","player_icon_artie","717","","","","","","","","","","","","","",""
"hero66","","","0","0","Puppeteer","sc/ui.sc","player_icon_willow","510","","","","","","","","","","","","","",""
"player_icon_bunny_brigade","","","0","0","","sc/ui.sc","player_icon_bunny_brigade","3051","","true","","750","19","","","","","","","","",""
"player_icon_jungle","","","0","0","","sc/ui.sc","player_icon_jungle","3052","true","true","TRUE","750","19","","","","","","","","",""
"player_icon_olympus","","","0","0","","sc/ui.sc","player_icon_olympus","3053","true","true","TRUE","750","19","","","","","","","","",""
"player_icon_gw1","","","0","0","","sc/ui.sc","player_icon_gw1","3054","true","true","TRUE","750","19","","","","","","","","",""
"player_icon_gw2","","","0","0","","sc/ui.sc","player_icon_gw2","3055","true","true","TRUE","750","19","","","","","","","","",""
"player_icon_gw3","","","0","0","","sc/ui.sc","player_icon_gw3","3056","true","true","TRUE","750","19","","","","","","","","",""
"player_icon_bp_jungle","","","0","0","","sc/ui.sc","player_icon_bp_jungle","3057","true","","","","","","","","","","","","",""
"player_icon_colt_jungle","","","0","0","","sc/ui.sc","player_icon_colt_jungle","3058","true","true","TRUE","","","","","","GunslingerMonkey","TRUE","","","",""
"player_icon_amazon_frog","","","0","0","","sc/ui.sc","player_icon_amazon_frog","3059","true","true","TRUE","750","19","","","","","","","","",""
"player_icon_maisie1","","","0","0","","sc/ui.sc","player_icon_maisie1","2065","true","","","","","","","","","","","","",""
"player_icon_lilt1","","","0","0","","sc/ui.sc","player_icon_lilt1","2065","true","","","","","","","","","","","","",""
"rank27","","","0","0","","sc/ui.sc","player_icon_meg_jungle","1026","true","","","","","","","","","","","","",""
"player_icon_buster_jungle","","","0","0","","sc/ui.sc","player_icon_buster_jungle","3060","","true","TRUE","","","","","","ShieldTankCroc","TRUE","","","",""
"player_icon_max_jungle","","","0","0","","sc/ui.sc","player_icon_max_jungle","3061","","true","TRUE","750","19","","","","SpeedyLeopard","","","","",""
"player_icon_tick_olympus","","","0","0","","sc/ui.sc","player_icon_tick_olympus","3062","","true","TRUE","","","","","","ClusterBombDudeCerberus","TRUE","","","",""
"player_icon_brock_olympus","","","0","0","","sc/ui.sc","player_icon_brock_olympus","3063","","true","TRUE","","","","","","RocketGirlZeus","TRUE","","","",""
"player_icon_nani_olympus","","","0","0","","sc/ui.sc","player_icon_nani_olympus","3064","","true","TRUE","","","","","","ControllerAres","TRUE","","","",""
"player_icon_emz_gw","","","0","0","","sc/ui.sc","player_icon_emz_gw","3065","","true","TRUE","750","19","","","","MummyHarajuku","","","","",""
"hero67","","","0","0","Maisie","sc/ui.sc","player_icon_maisie","718","","","","","","","","","","","","","",""
"hero68","","","0","0","FishTank","sc/ui.sc","player_icon_fishtank","411","","","","","","","","","","","","","",""
"player_icon_goldenkawaii","","","0","0","","sc/ui.sc","player_icon_goldenkawaii","3066","true","true","TRUE","750","19","","","","","","","","",""
"player_icon_anniversary_china1","TRUE","","0","0","","sc/ui.sc","player_icon_anniversary_china1","3067","true","true","TRUE","","","TRUE","","","","","","","",""
"player_icon_anniversary_china2","TRUE","","0","0","","sc/ui.sc","player_icon_anniversary_china2","3068","true","true","TRUE","","","TRUE","","","","","","","",""
"player_icon_anniversary_china3","TRUE","","0","0","","sc/ui.sc","player_icon_anniversary_china3","3069","true","true","TRUE","","","TRUE","","","","","","","",""
"player_icon_bp_enchanted","","","0","0","","sc/ui.sc","player_icon_bp_enchanted","3070","true","","","","","","","","","","","","",""
"player_icon_crow_phoenix","","","0","0","","sc/ui.sc","player_icon_crow_phoenix","3071","","true","","","","","","","CrowPheonix","TRUE","","","",""
"player_icon_phoenix_fire","","","0","0","","sc/ui.sc","player_icon_phoenix_fire","3072","","true","TRUE","750","19","","","","","","","","",""
"player_icon_enchanted","","","0","0","","sc/ui.sc","player_icon_enchanted","3073","","true","TRUE","750","19","","","","","","","","",""
"player_icon_velocirapids","","","0","0","","sc/ui.sc","player_icon_velocirapids","3074","","true","TRUE","750","19","","","","","","","","",""
"player_icon_cursed","","","0","0","","sc/ui.sc","player_icon_cursed","3075","","true","TRUE","750","19","","","","","","","","",""
"player_icon_goldball","","","0","0","","sc/ui.sc","player_icon_goldball","3076","","true","TRUE","750","19","","","","","","","","",""
"player_icon_meg_cursed","","","0","0","","sc/ui.sc","player_icon_meg_cursed","3077","","true","TRUE","","","","","","MechaDudePirate","TRUE","","","",""
"player_icon_griff_cursed","","","0","0","","sc/ui.sc","player_icon_griff_cursed","3078","","true","TRUE","","","","","","AssaultShotgunTreasure","TRUE","","","",""
"player_icon_bibi_cursed","","","0","0","","sc/ui.sc","player_icon_bibi_cursed","3079","","true","TRUE","","","","","","BaseballPirate","TRUE","","","",""
"player_icon_janet_enchanted","","","0","0","","sc/ui.sc","player_icon_janet_enchanted","3080","","true","TRUE","","","","","","JetpackGirlDarkFairy","TRUE","","","",""
"player_icon_surge_cursed","","","0","0","","sc/ui.sc","player_icon_surge_cursed","3081","","true","TRUE","","","","","","PowerLevelerKraken","TRUE","","","",""
"player_icon_8bit_enchanted","","","0","0","","sc/ui.sc","player_icon_8bit_enchanted","3082","","true","TRUE","","","","","","ArcadeHauntedHouse","TRUE","","","",""
"rank28","","","0","0","","sc/ui.sc","player_icon_lou_enchanted","1027","true","","","","","","","","","","","","",""
"player_icon_chester_enchanted","","","0","0","","sc/ui.sc","player_icon_chester_enchanted","3084","","true","TRUE","750","19","","","","JesterWoodspirit","","","","",""
"player_icon_cordelius1","","","0","0","","sc/ui.sc","player_icon_cordelius1","2066","true","","","","","","","","","","","","",""
"player_icon_doug1","","","0","0","","sc/ui.sc","player_icon_doug1","2066","true","","","","","","","","","","","","",""
"hero69","","","0","0","Duelist","sc/ui.sc","player_icon_cordelius","719","","","","","","","","","","","","","",""
"hero70","","","0","0","Reviver","sc/ui.sc","player_icon_doug","412","","","","","","","","","","","","","",""
"player_icon_colt_overcharge","","","0","0","","sc/ui.sc","player_icon_colt_overcharge","6001","","true","","","","","true","","","","","","Gunslinger",""
"player_icon_bull_overcharge","","","0","0","","sc/ui.sc","player_icon_bull_overcharge","6002","","true","","","","","true","","","","","","BullDude",""
"player_icon_jacky_overcharge","","","0","0","","sc/ui.sc","player_icon_jacky_overcharge","6003","","true","","","","","true","","","","","","Driller",""
"player_icon_shelly_overcharge","","","0","0","","sc/ui.sc","player_icon_shelly_overcharge","6004","","true","","","","","true","","","","","","ShotgunGirl",""
"player_icon_spike_overcharge","","","0","0","","sc/ui.sc","player_icon_spike_overcharge","6005","","true","","","","","true","","","","","","Cactus",""
"rank29","","","0","0","","sc/ui.sc","player_icon_maisie_wasteland","1028","true","","","","","","","","","","","","",""
"player_icon_hank_wasteland","","","0","0","","sc/ui.sc","player_icon_hank_wasteland","3083","","true","TRUE","","","","","","FishTankWasteland","TRUE","","","",""
"player_icon_willow_wasteland","","","0","0","","sc/ui.sc","player_icon_willow_wasteland","3084","","true","TRUE","750","19","","","","PuppeteerWasteland","","","","",""
"player_icon_cordelius_wasteland","","","0","0","","sc/ui.sc","player_icon_cordelius_wasteland","3085","","true","TRUE","","","","","","DuelistWasteland","TRUE","","","",""
"player_icon_stu_university","","","0","0","","sc/ui.sc","player_icon_stu_university","3086","","true","TRUE","","","","","","RollerUniversity","TRUE","","","",""
"player_icon_rosa_university","","","0","0","","sc/ui.sc","player_icon_rosa_university","3087","","true","TRUE","","","","","","RosaUniversity","TRUE","","","",""
"player_icon_squeak_university","","","0","0","","sc/ui.sc","player_icon_squeak_university","3088","","true","TRUE","","","","","","StickyBombUniversity","TRUE","","","",""
"player_icon_janet_moon","","","0","0","","sc/ui.sc","player_icon_janet_moon","3089","","true","TRUE","","","","","","JetpackGirlMoon","TRUE","","","",""
"player_icon_mandy_harvest","","","0","0","","sc/ui.sc","player_icon_mandy_harvest","3090","","true","TRUE","","","","","","Beamerharvest","TRUE","","","",""
"player_icon_edgar_mecha","","","0","0","","sc/ui.sc","player_icon_edgar_mecha","3090","","true","TRUE","","","","","","EnragerMecha","TRUE","","","",""
"player_icon_bp_wasteland","","","0","0","","sc/ui.sc","player_icon_bp_wasteland","3091","true","","","","","","","","","","","","",""
"player_icon_pearl1","","","0","0","","sc/ui.sc","player_icon_pearl1","2066","true","","","","","","","","","","","","",""
"player_icon_chuck1","","","0","0","","sc/ui.sc","player_icon_chuck1","2067","true","","","","","","","","","","","","",""
"player_icon_pearl_overcharge","","","0","0","","sc/ui.sc","player_icon_pearl_overcharge","6006","","true","","","","","true","","","","","","Cooker",""
"player_icon_brawloween1","","","0","0","","sc/ui.sc","player_icon_brawloween1","3092","","true","TRUE","","","","","","","","","","",""
"player_icon_brawloween2","","","0","0","","sc/ui.sc","player_icon_brawloween2","3093","","true","TRUE","","","","","","","","","","",""
"player_icon_brawloween3","","","0","0","","sc/ui.sc","player_icon_brawloween3","3094","","true","TRUE","","","","","","","","","","",""
"player_icon_brawloween4","","","0","0","","sc/ui.sc","player_icon_brawloween4","3095","","true","TRUE","","","","","","","","","","",""
"player_icon_brawloween5","","","0","0","","sc/ui.sc","player_icon_brawloween5","3096","","true","TRUE","","","","","","","","","","",""
"player_icon_classof2023","","","0","0","","sc/ui.sc","player_icon_classof2023","3097","","true","TRUE","","","","","","","","","","",""
"player_icon_university","","","0","0","","sc/ui.sc","player_icon_university","3098","","true","TRUE","","","","","","","","","","",""
"player_icon_esports2023_badge","","","0","0","","sc/ui.sc","player_icon_esports2023_badge","3099","","true","TRUE","","","","","","","","","","",""
"player_icon_mecha_edgar_event","","","0","0","","sc/ui.sc","player_icon_mecha_edgar_event","3100","","true","TRUE","","","","","","","","","","",""
"player_icon_academy","","","0","0","","sc/ui.sc","player_icon_academy","3101","","true","TRUE","","","","","","","","","","",""
"hero71","","","0","0","Cooker","sc/ui.sc","player_icon_pearl","413","","","","","","","","","","","","","",""
"hero72","","","0","0","Conductor","sc/ui.sc","player_icon_chuck","720","","","","","","","","","","","","","",""
"player_icon_esports_fut","","","0","0","","sc/ui.sc","player_icon_esports_fut","5011","","true","TRUE","","19","","","","","","","WF_2020","",""
"player_icon_esports_luminosity","","","0","0","","sc/ui.sc","player_icon_esports_luminosity","5012","","true","TRUE","","19","","","","","","","WF_2020","",""
"player_icon_colette_overcharge","","","0","0","","sc/ui.sc","player_icon_colette_overcharge","6007","","true","","","","","true","","","","","","Percenter",""
"player_icon_rosa_overcharge","","","0","0","","sc/ui.sc","player_icon_rosa_overcharge","6008","","true","","","","","true","","","","","","Rosa",""
"player_icon_lou_overcharge","","","0","0","","sc/ui.sc","player_icon_lou_overcharge","6009","","true","","","","","true","","","","","","IceDude",""
"player_icon_maisie_overcharge","","","0","0","","sc/ui.sc","player_icon_maisie_overcharge","6010","","true","","","","","true","","","","","","Maisie",""
"player_icon_jessie_overcharge","","","0","0","","sc/ui.sc","player_icon_jessie_overcharge","6011","","true","","","","","true","","","","","","Mechanic",""
"player_icon_charly_overcharge","","","0","0","","sc/ui.sc","player_icon_charly_overcharge","6012","","true","","","","","true","","","","","","Cocooner",""
"player_icon_supercell_logo","","","0","0","","sc/ui.sc","player_icon_supercell_logo","3102","","true","TRUE","","","","true","","","","","","",""
"player_icon_bp_circus","","","0","0","","sc/ui.sc","player_icon_bp_circus","3103","true","","","","","","","","","","","","",""
"player_icon_hindu","","","0","0","","sc/ui.sc","player_icon_hindu","3104","","true","TRUE","","","","","","","","","","",""
"player_icon_cctv","","","0","0","","sc/ui.sc","player_icon_cctv","3105","","true","TRUE","750","19","","","","","","","","",""
"hero73","","","0","0","Cocooner","sc/ui.sc","player_icon_charlie","414","","","","","","","","","","","","","",""
"player_icon_charlie1","","","0","0","","sc/ui.sc","player_icon_charlie1","2068","true","","","","","","","","","","","","",""
"player_icon_mortis_retro","","","0","0","","sc/ui.sc","player_icon_mortis_retro","3106","","true","TRUE","","","","","","UndertakerGreaser","TRUE","","","",""
"player_icon_brock_retro","","","0","0","","sc/ui.sc","player_icon_brock_retro","3107","","true","TRUE","","","","","","RocketGirlHotrod","TRUE","","","",""
"player_icon_barley_retro","","","0","0","","sc/ui.sc","player_icon_barley_retro","3108","","true","TRUE","","","","","","BarkeepMs","TRUE","","","",""
"player_icon_rebel_lola","","","0","0","","sc/ui.sc","player_icon_rebel_lola","3109","","true","TRUE","","","","","","DuplicatorCholaChroma","TRUE","","","",""
"player_icon_nita_circus","","","0","0","","sc/ui.sc","player_icon_nita_circus","3110","","true","TRUE","","","","","","ShamanDarkcircus","TRUE","","","",""
"player_icon_byron_circus","","","0","0","","sc/ui.sc","player_icon_byron_circus","3111","","true","TRUE","","","","","","SnakeOilDarkcircus","TRUE","","","",""
"rank30","","","0","0","","sc/ui.sc","player_icon_lola_circus","1029","true","","","","","","","","","","","","",""
"player_icon_frank_hindu","","","0","0","","sc/ui.sc","player_icon_frank_hindu","3112","","true","TRUE","","","","","","HammerDudeHindu","TRUE","","","",""
"player_icon_grom_hindu","","","0","0","","sc/ui.sc","player_icon_grom_hindu","3113","","true","TRUE","","","","","","CrossBomberHindu","TRUE","","","",""
"player_icon_bo_hindu","","","0","0","","sc/ui.sc","player_icon_bo_hindu","3114","","true","TRUE","","","","","","BowDudeHinduChroma","TRUE","","","",""
"player_icon_leon_wolf","","","0","0","","sc/ui.sc","player_icon_leon_wolf","3115","","true","TRUE","","","","","","NinjaBrawloween","TRUE","","","",""
"player_icon_shelly_witch","","","0","0","","sc/ui.sc","player_icon_shelly_witch","3116","","true","TRUE","","","","","","ShotgunGirlBrawloween","TRUE","","","",""
"player_icon_fang_pumpkin","","","0","0","","sc/ui.sc","player_icon_fang_pumpkin","3117","","true","TRUE","","","","","","KickerDudeMake","TRUE","","","",""
"player_icon_mike_robo","","","0","0","","sc/ui.sc","player_icon_mike_robo","3118","","true","TRUE","","","","","","TntDudeMecha","TRUE","","","",""
"player_icon_pam_queen","","","0","0","","sc/ui.sc","player_icon_pam_queen","3119","","true","TRUE","","","","","","MinigunDudeQueen","TRUE","","","",""
"player_icon_mortis_hockey","","","0","0","","sc/ui.sc","player_icon_mortis_hockey","3120","","true","TRUE","","","","","","UndertakerUndertakerHockey","TRUE","","","",""
"player_icon_razer","","","0","0","","sc/ui.sc","player_icon_razer","3121","","true","TRUE","","","","true","","","","","","",""
"player_icon_retropolis","","","0","0","","sc/ui.sc","player_icon_retropolis","3122","","true","TRUE","750","19","","","","","","","","",""
